Dribbling Challenge #2,14.1 MB,964271505
Lethamyr's Giant Rings Map,329 MB,2025564083
Speed Jump: Rings 2 - By dmc,38.7 MB,1454827766
Speed Jump: Rings 3 - By dmc,72.8 MB,1671658424
Speed Jump: Boost - By dmc,148 MB,1421195368
Obstacle Course 1,14 MB,814207936
Lethamyr's Fall Guys in Rocket League (Description),390 MB,2218272196
Half Pipe,9.69 MB,1198632568
[2-8 Players] Beach Volley,64.9 MB,916532343
Lethamyr's Hoops Stadium,63.6 MB,2091105949
Dribble 2 Overhaul,81.3 MB,1694288506
Speed Jump: Trials 1,58 MB,1578331091
Minigolf,93.6 MB,2142821184
Speed Jump 2 - By dmc,76.5 MB,1429288182
Aim training (new update) - By CoCo,81 MB,1906378036
Speed Jump: Trials 2,55.5 MB,1581379736
Speed Jump: Trials 3,59.2 MB,1759763738
Hornets Nest - By dmc,148 MB,1827631206
Air Dribble Challenge,966 kB,1576137650
Dribbling Challenge 1.2,11.1 MB,814218628
Noob Dribble - By dmc,130 MB,1843822064
Speed Jump: Rings 1 - By dmc,35.3 MB,1768760178
Jet Car Stunts | Rocket League Edition,65.5 MB,815783552
Lethamyr's Lava Rings,291 MB,2104185189
Speed Jump: Trials 4,63.2 MB,1763596534
Green Screen Map (video editing tool),1 MB,1246337892
Obstacle Course #2 v1.1,61.2 MB,828803580
Mean Puss Skatepark,90.1 MB,1641612135
Lethamyr's Minecraft Map,169 MB,1994216606
Aerial Training,22.4 MB,814164094
Parkour-Map,55.4 MB,821751580
[MP] RL Racing Royale - Alpha2.2,173 MB,1287922725
ShipYarrr V7.3.1 (10 Year SARPBC),131 MB,817314448
Lethamyr's Portal in Rocket League!,81.1 MB,1828413430
New rings map,66.6 MB,2208838559
Lethamyr's Wario's Goldmine,225 MB,2067145056
Lethamyr's 4-Square,197 MB,2048159671
Lethamyr's Foosball Table 2.0,144 MB,2022663287
Lethamyr's Dribble Challenge,249 MB,1903946125
Canyon,365 MB,1927258546
Larger map,7.26 MB,1520915243
Lethamyr's Floor Is Lava Map,154 MB,2008755597
Kings of the Hills v1.1,201 MB,1198198634
Quidditch Field V5,122 MB,1633266841
Lethamyr's Mario Kart Skyscraper,29.1 MB,2041392356
OpenDribble,152 MB,1546981021
Lethamyr's Rainbow Road (MK64),8.69 MB,1982322601
Lethamyr's Standard Dropshot,30.2 MB,2208000131
RaiseTheRoof v2,29.2 MB,865518553
Team Nytro Workshop Map -By Evan & Novel,301 MB,1961205463
American Football League,116 MB,1420995617
[2-8 Players] Beach Volley with middle wall,65.6 MB,1838680906
Tuberacing,193 MB,2048180098
Tron themed parkour map,17 MB,2131261198
The Cave,18.3 MB,1518686696
Lethamyr's RL Sumo,46 MB,1973552577
Skatepark Arena,49.7 MB,2014415054
Newk's Breakout! [Brick Breaker!],178 MB,2184895682
Lethamyr's Dartboard,598 MB,2226953054
Lethamyr's Star Wars Map,255 MB,2105325631
Water Polo v1.0,83.6 MB,814146954
DanceStudio,30.2 MB,848736100
The Wall,109 MB,814263405
Lethamyr's Battlegrounds v2,64.3 MB,1686460827
Rocket League Village - By CoCo,32.2 MB,863543973
Lethamyr's Ping Pong Table!,18.8 MB,1670110743
Lethamyr's Permanent Heatseeker,237 MB,2068713760
Lethamyr's Beer Pong!,15.1 MB,1654631531
Lethamyr's Rapid Fire,22.1 MB,2173534712
Alexey's Compound Alpha,78.5 MB,1767716809
RedPikeArena,38.2 MB,828724949
Lethamyr's Inside Out,48.7 MB,2200527975
Volleyball Map (Not working now),1.38 MB,926490096
MUGZRD'S AIR DRIBBLE GAUNTLET,6.04 MB,1992438961
Lethamyr's NEW Break the Bank!,20.6 MB,1654147569
Lethamyr's Beach Brawl,44.7 MB,2193084881
Desert Park,78.1 MB,814423462
Lethamyr's Tetherball (tetherball.dll required),83.4 MB,2072559117
LumpyMap_QuickSand_Timed,2.49 MB,1783448502
Lethamyr's Volcano Sumo!,130 MB,2175519326
City Scape (THE PIT),52.7 MB,2134325899
Lethamyr's Pinball Table,44.7 MB,1646208948
Lethamyr's Bouncy Castle!,122 MB,1977014415
Lethamyr's 2Fort (Team Fortress 2),934 MB,1917355948
Aerial Rotation Practice,602 kB,823319029
Map Template,240 MB,1184017171
[SP] rc_Lake - Racing,155 MB,1344694866
Neon Stadium,7.16 MB,2113864791
Ghost Hunt,17.5 MB,1844291622
"GOI_StartersCup - v1.02 (Mesh fixes, bug fixes, QOL)",133 MB,1872143687
no map no skybox,134 kB,1319687333
Castle,7.69 MB,814148760
Lethamyr's Squash Court,27.7 MB,2041362761
Water Polo v2,42.2 MB,1681397558
[fixed-unsub & resub] SkyBlock -By Evan,17.7 MB,1840791117
[MultiPlayer] MayanPitz v0.1,80.4 MB,818046681
GCTesting,19.1 MB,868036013
Impossible Rings,15.5 MB,2120912805
Lethamyr's Half-Size Standard Map,103 MB,2228933932
Impossible Rings 2 [No Reset Version],115 MB,2158336944
Lethamyr's Pool Table (must replace Underpass),85.9 MB,1675020083
Lethamyr's Hospital Hide n Seek,164 MB,2143716014
Lethamyr's Prop Hunt!,188 MB,1662983295
Lethamyr's Heatseeker Tennis,260 MB,2069392365
Speed Jump: Trials 3 Reversed,61.2 MB,1767669013
Desert Park Night,78.1 MB,815273262
Lethamyr's Mayan Pitz,500 MB,2018789156
The Game of Throne,84.1 MB,858203319
Lethuigi's Mansion,6.02 MB,1998843439
Chaos Wizard's Street Hoops,60.5 MB,1786994629
Skeeball,20.8 MB,1693339890
Parkour Course V2,18.2 MB,2126337013
Lethamyr's Boardwalk,45.2 MB,1836013540
Lethamyr's Call of Duty Shipment Remake,204 MB,1800619447
Lethamyr's Christmas Map,330 MB,1953302222
BigHoops v3,18.9 MB,815957436
Lethamyr's Block Fort (Mario Kart),4.93 MB,1913530464
Hurdle Challenge : How High Can You Go ?,9.01 MB,1874020239
My playground,51.7 MB,860554581
Hannah's playground,153 MB,816596334
Lethamyr's Shuffleboard,65.9 MB,2018254607
Volley Ball Map,1.38 MB,873282461
Waterball,83.6 MB,941618511
Lethamyr's Air Sumo,49.6 MB,2116461958
"Dude, where's the ball?",122 MB,2225331042
Headlight Template,1.37 MB,815993954
Lucid Rings,120 MB,2116244468
workshop_testmap,3.63 MB,817001158
rocket royal,173 MB,1351851010
Lethamyr's Air Hockey Table (2-6 Players),8.83 MB,1642013257
I made this for you!,10.7 MB,1113776418
The Skate Challenge,51.6 MB,2122909249
Lethamyr's Miniature Pool Table,595 MB,2088284631
Lethamyr's Gladiator,149 MB,1990340487
Dinosaurs,129 MB,2113005884
Half Gravity,16.4 MB,1704623013
RL Trainer Map (NEW UPDATE!),25 MB,814219666
Lethamyr's Giant Foosball Table,32.4 MB,1641194070
Lethamyr's Bubble Sumo,132 MB,2217403115
Lethamyr's Basketball Court,155 MB,1961110419
LumpyMap_Rings,1.65 MB,1790390969
Impossible Rings 2,144 MB,2143776633
AIR DRIBBLE PILLARS,9.35 MB,2091448664
Mini Car Golf,222 MB,1919774645
Lethamyr's Pyramids,190 MB,2001266696
Snowy Mountain - Proof of Concept,748 MB,1894411230
Chaos Wizard's Skee Ball,54.1 MB,2018269238
Lethamyr's Pitch Black Pitch,17.9 MB,2018214879
Lethamyr's Spaceship Hide n Seek (REDUCED SIZE),601 MB,2143705814
Lethamyr's HARDEST Map,16.7 MB,1982326851
Map (please help),2.96 MB,1910249423
Hurdle Challenge [Outdated],3.97 MB,1868975566
Lethamyr's Triple Goal,5.47 MB,1641185714
Boosted RMP Arena,106 MB,2170891739
The Rocket League Fashion Show,520 MB,2097503172
Lethamyr's Forest,238 MB,2175516434
Lethamyr & glhglh's Easter Catwalk!,165 MB,1982348102
Lethamyr's Spaceship Hide n Seek (FULL SIZE),604 MB,2143701346
Racing - Circuit 23 (Updated to v1.01 lap system overhaul and lots other),111 MB,1900626674
Pillar Jungle,175 MB,1830912230
RL Custom Training Map but with NO Gravity,16.6 MB,2066079035
Parkour Course V1,5.14 MB,2105330073
cool,46.1 kB,2050702745
Parck Bekckwith - Portal Edition version Beta 1.1,105 MB,2117922667
have fun dlg,3.93 MB,1830844041
Bump Battle ( Beta ),208 MB,2101125846
Chaos Wizard's Arcade Hoops,83.9 MB,2018169187
LumpyMap_Parkour,1.26 MB,1788042907
Chaos Wizard's Fish Bowl,209 MB,2018200536
Playgroundv2,4.25 MB,1964559646
Test,14 MB,869289928
TestMap2,120 kB,826186114
sugpatchgfn,405 kB,2070733495
eresrsdf,591 kB,876018192
mynew map,10.1 MB,834478221
Cool Club (Actually Works),1.11 MB,1687335126
large flatmap,3.49 MB,1426200123
HAHAHAHAHAH PLS PLS WORK,670 kB,1964485930
large flatmap,3.49 MB,1426199189
Drift Parcour,687 MB,1567601517